PDB_ID,Chain,Res_Name,Res_ID,Label,Node_Degree_10A,Sec_Struct,Is_Helix,Is_Sheet,Is_Coil,RSA,Coord_X,Coord_Y,Coord_Z
4krp_complex,D,GLN,1,0,5,-,0.0,0.0,1.0,0.9495,-4.76,-6.65,26.24
4krp_complex,D,VAL,2,0,12,-,0.0,0.0,1.0,0.2887,-1.96,-4.15,25.65
4krp_complex,D,GLN,3,0,17,E,0.0,1.0,0.0,0.5404,-2.9,-0.7,24.37
4krp_complex,D,LEU,4,0,23,E,0.0,1.0,0.0,0.0732,-1.21,2.54,23.44
4krp_complex,D,LYS,5,0,19,E,0.0,1.0,0.0,0.7122,-3.81,5.28,23.12
4krp_complex,D,GLN,6,0,21,E,0.0,1.0,0.0,0.0404,-2.54,8.74,22.24
4krp_complex,D,SER,7,0,15,E,0.0,1.0,0.0,0.5308,-4.1,12.2,22.46
4krp_complex,D,GLY,8,0,17,-,0.0,0.0,1.0,0.4167,-2.79,15.55,21.3
4krp_complex,D,PRO,9,0,15,-,0.0,0.0,1.0,0.7206,-3.42,18.49,18.97
4krp_complex,D,GLY,10,0,23,-,0.0,0.0,1.0,0.2262,-2.04,17.77,15.5
4krp_complex,D,LEU,11,0,22,E,0.0,1.0,0.0,0.2683,-1.9,21.38,14.3
4krp_complex,D,VAL,12,0,23,E,0.0,1.0,0.0,0.0845,1.25,23.23,15.33
4krp_complex,D,GLN,13,0,18,-,0.0,0.0,1.0,0.5505,2.35,26.61,14.03
4krp_complex,D,PRO,14,0,16,T,0.0,0.0,1.0,0.375,5.88,26.95,12.65
4krp_complex,D,SER,15,0,14,T,0.0,0.0,1.0,0.5923,8.54,27.6,15.33
4krp_complex,D,GLN,16,0,13,S,0.0,0.0,1.0,0.5606,5.95,26.48,17.92
4krp_complex,D,SER,17,0,17,-,0.0,0.0,1.0,0.3615,5.93,23.19,19.86
4krp_complex,D,LEU,18,0,22,E,0.0,1.0,0.0,0.0,4.18,19.82,19.56
4krp_complex,D,SER,19,0,17,E,0.0,1.0,0.0,0.4462,2.77,17.87,22.49
4krp_complex,D,ILE,20,0,22,E,0.0,1.0,0.0,0.0118,1.43,14.32,22.48
4krp_complex,D,THR,21,0,21,E,0.0,1.0,0.0,0.2535,0.22,12.17,25.36
4krp_complex,D,CYS,22,0,26,E,0.0,1.0,0.0,0.0,0.56,8.41,25.06
4krp_complex,D,THR,23,0,19,E,0.0,1.0,0.0,0.3662,-1.71,6.73,27.61
4krp_complex,D,VAL,24,0,23,E,0.0,1.0,0.0,0.0493,-0.68,3.16,28.36
4krp_complex,D,SER,25,0,14,E,0.0,1.0,0.0,0.3615,-2.69,0.06,29.33
4krp_complex,D,GLY,26,0,9,S,0.0,0.0,1.0,0.6548,-1.97,-3.64,29.77
4krp_complex,D,PHE,27,0,14,S,0.0,0.0,1.0,0.1472,1.5,-3.13,31.22
4krp_complex,D,SER,28,0,14,-,0.0,0.0,1.0,0.3385,3.47,-0.87,33.55
4krp_complex,D,LEU,29,0,24,T,0.0,0.0,1.0,0.0061,5.78,1.97,32.55
4krp_complex,D,THR,30,0,14,T,0.0,0.0,1.0,0.5493,8.0,0.76,35.37
4krp_complex,D,ASN,31,1,12,T,0.0,0.0,1.0,0.586,8.95,-2.47,33.55
4krp_complex,D,TYR,32,0,19,-,0.0,0.0,1.0,0.1577,8.95,-1.26,29.95
4krp_complex,D,GLY,33,0,23,-,0.0,0.0,1.0,0.119,10.1,1.81,28.06
4krp_complex,D,VAL,34,0,25,E,0.0,1.0,0.0,0.007,8.01,3.65,25.47
4krp_complex,D,HIS,35,0,25,E,0.0,1.0,0.0,0.0217,9.48,4.6,22.1
4krp_complex,D,TRP,36,0,21,E,0.0,1.0,0.0,0.0,8.46,7.35,19.73
4krp_complex,D,VAL,37,0,19,E,0.0,1.0,0.0,0.0,8.47,6.98,15.96
4krp_complex,D,ARG,38,0,21,E,0.0,1.0,0.0,0.0927,7.24,9.27,13.21
4krp_complex,D,GLN,39,0,18,E,0.0,1.0,0.0,0.1212,6.34,8.69,9.59
4krp_complex,D,SER,40,0,16,-,0.0,0.0,1.0,0.1154,6.48,11.37,6.93
4krp_complex,D,PRO,41,0,9,S,0.0,0.0,1.0,1.0,4.74,10.66,3.62
4krp_complex,D,GLY,42,0,8,S,0.0,0.0,1.0,0.8571,8.16,10.7,1.92
4krp_complex,D,LYS,43,0,12,S,0.0,0.0,1.0,0.8,11.02,10.08,4.37
4krp_complex,D,GLY,44,0,15,-,0.0,0.0,1.0,0.1786,9.61,6.81,5.78
4krp_complex,D,LEU,45,0,23,E,0.0,1.0,0.0,0.0671,9.66,5.57,9.39
4krp_complex,D,GLU,46,0,19,E,0.0,1.0,0.0,0.2526,12.02,7.39,11.75
4krp_complex,D,TRP,47,0,19,E,0.0,1.0,0.0,0.0264,12.8,6.61,15.38
4krp_complex,D,LEU,48,0,22,E,0.0,1.0,0.0,0.0,12.74,9.74,17.56
4krp_complex,D,GLY,49,0,24,E,0.0,1.0,0.0,0.0,13.59,8.5,21.03
4krp_complex,D,VAL,50,0,24,E,0.0,1.0,0.0,0.0,12.64,6.62,24.19
4krp_complex,D,ILE,51,0,23,E,0.0,1.0,0.0,0.0237,11.75,7.03,27.81
4krp_complex,D,TRP,52,1,20,-,0.0,0.0,1.0,0.1674,13.15,3.96,29.6
4krp_complex,D,SER,53,1,18,T,0.0,0.0,1.0,0.2308,11.52,2.41,32.64
4krp_complex,D,GLY,54,1,11,T,0.0,0.0,1.0,0.8452,13.95,4.07,35.05
4krp_complex,D,GLY,55,1,15,S,0.0,0.0,1.0,0.4643,12.97,7.47,33.7
4krp_complex,D,ASN,56,1,11,-,0.0,0.0,1.0,0.586,16.16,8.05,31.72
4krp_complex,D,THR,57,1,17,E,0.0,1.0,0.0,0.3944,15.79,9.1,28.07
4krp_complex,D,ASP,58,1,17,E,0.0,1.0,0.0,0.3313,17.58,8.61,24.79
4krp_complex,D,TYR,59,0,20,E,0.0,1.0,0.0,0.1892,16.93,10.78,21.75
4krp_complex,D,ASN,60,0,16,-,0.0,0.0,1.0,0.1083,18.0,10.29,18.17
4krp_complex,D,THR,61,0,10,G,1.0,0.0,0.0,0.669,20.81,12.57,17.05
4krp_complex,D,PRO,62,0,9,G,1.0,0.0,0.0,0.5221,18.76,15.11,15.05
4krp_complex,D,PHE,63,0,14,G,1.0,0.0,0.0,0.0102,16.39,15.6,18.03
4krp_complex,D,THR,64,0,13,T,0.0,0.0,1.0,0.6127,18.66,15.97,21.05
4krp_complex,D,SER,65,0,11,T,0.0,0.0,1.0,0.8308,18.23,19.74,21.21
4krp_complex,D,ARG,66,0,13,T,0.0,0.0,1.0,0.1573,14.45,19.91,20.77
4krp_complex,D,LEU,67,0,20,E,0.0,1.0,0.0,0.0671,12.99,16.77,22.32
4krp_complex,D,SER,68,0,19,E,0.0,1.0,0.0,0.3,11.83,16.05,25.88
4krp_complex,D,ILE,69,0,24,E,0.0,1.0,0.0,0.0059,10.0,12.89,26.9
4krp_complex,D,ASN,70,0,17,E,0.0,1.0,0.0,0.6178,8.78,12.58,30.48
4krp_complex,D,LYS,71,0,20,E,0.0,1.0,0.0,0.1707,6.17,10.37,32.09
4krp_complex,D,ASP,72,0,13,E,0.0,1.0,0.0,0.2515,4.02,9.45,35.07
4krp_complex,D,ASN,73,0,15,T,0.0,0.0,1.0,0.4459,4.09,5.76,36.07
4krp_complex,D,SER,74,0,9,T,0.0,0.0,1.0,0.7692,1.11,6.29,38.36
4krp_complex,D,LYS,75,0,10,T,0.0,0.0,1.0,0.6634,-1.2,7.99,35.87
4krp_complex,D,SER,76,0,15,T,0.0,0.0,1.0,0.2385,0.27,5.42,33.46
4krp_complex,D,GLN,77,0,20,E,0.0,1.0,0.0,0.2172,0.88,7.97,30.69
4krp_complex,D,VAL,78,0,24,E,0.0,1.0,0.0,0.0,3.8,9.36,28.67
4krp_complex,D,PHE,79,0,19,E,0.0,1.0,0.0,0.3553,4.39,12.92,27.48
4krp_complex,D,PHE,80,0,23,E,0.0,1.0,0.0,0.0102,6.06,13.67,24.16
4krp_complex,D,LYS,81,0,15,E,0.0,1.0,0.0,0.3707,7.33,17.22,23.63
4krp_complex,D,MET,82,0,18,E,0.0,1.0,0.0,0.0,9.14,18.59,20.56
4krp_complex,D,ASN,83,0,17,-,0.0,0.0,1.0,0.4013,9.98,22.27,19.93
4krp_complex,D,SER,84,0,14,S,0.0,0.0,1.0,0.4462,10.43,24.82,17.12
4krp_complex,D,LEU,85,0,19,-,0.0,0.0,1.0,0.0,8.66,22.67,14.52
4krp_complex,D,GLN,86,0,16,-,0.0,0.0,1.0,0.3687,8.9,23.46,10.83
4krp_complex,D,SER,87,0,13,G,1.0,0.0,0.0,0.6846,7.35,22.2,7.61
4krp_complex,D,ASN,88,0,10,G,1.0,0.0,0.0,0.6497,9.63,19.14,7.35
4krp_complex,D,ASP,89,0,19,G,1.0,0.0,0.0,0.0123,8.37,18.04,10.79
4krp_complex,D,THR,90,0,20,-,0.0,0.0,1.0,0.2958,4.93,17.36,9.34
4krp_complex,D,ALA,91,0,23,E,0.0,1.0,0.0,0.0283,4.21,13.65,9.86
4krp_complex,D,ILE,92,0,19,E,0.0,1.0,0.0,0.3314,2.28,11.02,11.75
4krp_complex,D,TYR,93,0,25,E,0.0,1.0,0.0,0.0,3.81,10.53,15.2
4krp_complex,D,TYR,94,0,28,E,0.0,1.0,0.0,0.0315,3.52,7.19,17.0
4krp_complex,D,CYS,95,0,31,E,0.0,1.0,0.0,0.0,4.28,5.88,20.45
4krp_complex,D,ALA,96,0,25,E,0.0,1.0,0.0,0.0,5.32,2.24,20.59
4krp_complex,D,ARG,97,0,27,E,0.0,1.0,0.0,0.0605,6.3,-0.56,22.94
4krp_complex,D,ALA,98,0,18,E,0.0,1.0,0.0,0.0472,8.59,-3.49,22.19
4krp_complex,D,LEU,99,0,16,S,0.0,0.0,1.0,0.3049,7.46,-7.1,22.56
4krp_complex,D,THR,100,1,11,S,0.0,0.0,1.0,0.338,10.38,-7.87,24.87
4krp_complex,D,TYR,101,1,12,T,0.0,0.0,1.0,0.5901,12.3,-5.97,27.56
4krp_complex,D,TYR,102,1,13,T,0.0,0.0,1.0,0.8108,15.05,-3.57,26.44
4krp_complex,D,ASP,103,1,12,-,0.0,0.0,1.0,0.1288,14.44,-4.5,22.8
4krp_complex,D,TYR,104,1,19,-,0.0,0.0,1.0,0.2432,12.99,-2.81,19.68
4krp_complex,D,GLU,105,1,26,-,0.0,0.0,1.0,0.0,10.63,-5.26,17.98
4krp_complex,D,PHE,106,0,23,E,0.0,1.0,0.0,0.0,7.72,-2.86,18.07
4krp_complex,D,ALA,107,0,19,E,0.0,1.0,0.0,0.2736,4.69,-5.13,18.5
4krp_complex,D,TYR,108,0,19,E,0.0,1.0,0.0,0.3063,2.37,-2.55,20.14
4krp_complex,D,TRP,109,0,25,E,0.0,1.0,0.0,0.1366,1.65,0.77,18.42
4krp_complex,D,GLY,110,0,22,-,0.0,0.0,1.0,0.0,-0.4,3.85,19.3
4krp_complex,D,GLN,111,0,21,-,0.0,0.0,1.0,0.4798,-3.05,4.88,16.73
4krp_complex,D,GLY,112,0,25,-,0.0,0.0,1.0,0.1667,-0.77,7.7,15.64
4krp_complex,D,THR,113,0,22,E,0.0,1.0,0.0,0.0915,-1.22,11.49,15.8
4krp_complex,D,LEU,114,0,21,E,0.0,1.0,0.0,0.3354,-1.41,13.39,12.51
4krp_complex,D,VAL,115,0,24,E,0.0,1.0,0.0,0.0,0.71,16.51,13.1
4krp_complex,D,THR,116,0,25,E,0.0,1.0,0.0,0.1408,0.27,19.25,10.5
4krp_complex,D,VAL,117,0,23,E,0.0,1.0,0.0,0.1056,2.65,22.22,10.57
4krp_complex,D,SER,118,0,17,-,0.0,0.0,1.0,0.2385,1.0,25.37,9.23
4krp_complex,D,ALA,119,0,12,S,0.0,0.0,1.0,0.6604,0.21,28.97,10.14
4krp_complex,D,ALA,120,0,13,S,0.0,0.0,1.0,0.4717,-3.19,28.49,8.54
4krp_complex,D,SER,121,0,12,-,0.0,0.0,1.0,0.7154,-6.3,28.42,10.76
4krp_complex,D,THR,122,0,15,-,0.0,0.0,1.0,0.4507,-8.42,25.45,11.76
4krp_complex,D,LYS,123,0,18,B,0.0,1.0,0.0,0.4049,-11.77,25.3,9.97
4krp_complex,D,GLY,124,0,22,-,0.0,0.0,1.0,0.1786,-14.65,22.83,10.31
4krp_complex,D,PRO,125,0,24,-,0.0,0.0,1.0,0.1176,-16.3,21.12,7.3
4krp_complex,D,SER,126,0,16,E,0.0,1.0,0.0,0.3692,-19.76,21.56,5.82
4krp_complex,D,VAL,127,0,22,E,0.0,1.0,0.0,0.0845,-21.64,18.31,5.22
4krp_complex,D,PHE,128,0,22,E,0.0,1.0,0.0,0.1117,-23.8,17.81,2.14
4krp_complex,D,PRO,129,0,26,E,0.0,1.0,0.0,0.1544,-25.77,14.73,1.16
4krp_complex,D,LEU,130,0,25,E,0.0,1.0,0.0,0.0366,-25.15,12.73,-2.02
4krp_complex,D,ALA,131,0,19,-,0.0,0.0,1.0,0.4245,-28.71,11.55,-2.58
4krp_complex,D,PRO,132,0,21,-,0.0,0.0,1.0,0.1397,-29.29,8.32,-4.61
4krp_complex,D,SER,133,0,16,-,0.0,0.0,1.0,0.5615,-30.94,8.9,-8.0
4krp_complex,D,SER,134,0,7,S,0.0,0.0,1.0,0.9846,-33.89,7.1,-9.58
4krp_complex,D,LYS,135,0,11,-,0.0,0.0,1.0,0.7073,-32.08,4.28,-11.45
4krp_complex,D,SER,136,0,18,-,0.0,0.0,1.0,0.5077,-29.92,1.26,-10.4
4krp_complex,D,THR,137,0,14,B,0.0,1.0,0.0,0.1549,-26.7,-0.52,-11.53
4krp_complex,D,SER,138,0,10,T,0.0,0.0,1.0,0.8308,-25.15,-4.04,-11.33
4krp_complex,D,GLY,139,0,8,T,0.0,0.0,1.0,0.9643,-27.17,-6.62,-9.26
4krp_complex,D,GLY,140,0,12,T,0.0,0.0,1.0,0.3452,-29.69,-3.81,-8.39
4krp_complex,D,THR,141,0,16,E,0.0,1.0,0.0,0.2465,-27.35,-1.58,-6.29
4krp_complex,D,ALA,142,0,23,E,0.0,1.0,0.0,0.0472,-27.86,2.14,-5.74
4krp_complex,D,ALA,143,0,27,E,0.0,1.0,0.0,0.0283,-25.23,4.52,-4.38
4krp_complex,D,LEU,144,0,23,E,0.0,1.0,0.0,0.0061,-25.38,7.42,-1.97
4krp_complex,D,GLY,145,0,26,E,0.0,1.0,0.0,0.0,-22.97,9.35,0.23
4krp_complex,D,CYS,146,0,26,E,0.0,1.0,0.0,0.0,-21.83,12.53,1.97
4krp_complex,D,LEU,147,0,25,E,0.0,1.0,0.0,0.0244,-19.73,15.46,0.79
4krp_complex,D,VAL,148,0,22,E,0.0,1.0,0.0,0.0,-17.37,16.79,3.44
4krp_complex,D,LYS,149,0,20,E,0.0,1.0,0.0,0.0878,-16.17,20.13,2.12
4krp_complex,D,ASP,150,0,19,E,0.0,1.0,0.0,0.2331,-13.92,23.06,3.09
4krp_complex,D,TYR,151,0,25,E,0.0,1.0,0.0,0.0,-12.14,21.9,6.23
4krp_complex,D,PHE,152,0,23,B,0.0,1.0,0.0,0.0812,-8.66,22.24,7.66
4krp_complex,D,PRO,153,0,26,S,0.0,0.0,1.0,0.0147,-6.51,20.63,8.85
4krp_complex,D,GLU,154,0,20,S,0.0,0.0,1.0,0.2732,-6.78,16.91,8.24
4krp_complex,D,PRO,155,0,19,-,0.0,0.0,1.0,0.4191,-8.0,14.47,9.4
4krp_complex,D,VAL,156,0,22,-,0.0,0.0,1.0,0.1127,-11.73,13.95,9.25
4krp_complex,D,THR,157,0,13,E,0.0,1.0,0.0,0.507,-13.33,10.66,10.31
4krp_complex,D,VAL,158,0,22,E,0.0,1.0,0.0,0.1761,-16.48,9.38,8.64
4krp_complex,D,SER,159,0,19,E,0.0,1.0,0.0,0.3385,-18.75,6.46,9.51
4krp_complex,D,TRP,160,0,23,E,0.0,1.0,0.0,0.0088,-22.19,5.28,8.45
4krp_complex,D,ASN,161,0,14,G,1.0,0.0,0.0,0.2102,-25.13,4.57,10.74
4krp_complex,D,SER,162,0,14,G,1.0,0.0,0.0,0.7385,-22.75,5.12,13.65
4krp_complex,D,GLY,163,0,10,G,1.0,0.0,0.0,0.5238,-20.67,2.05,12.88
4krp_complex,D,ALA,164,0,8,T,0.0,0.0,1.0,0.8302,-23.48,-0.3,11.93
4krp_complex,D,LEU,165,0,14,B,0.0,1.0,0.0,0.189,-22.75,0.14,8.21
4krp_complex,D,THR,166,0,12,-,0.0,0.0,1.0,0.7394,-19.32,-0.78,6.89
4krp_complex,D,SER,167,0,10,T,0.0,0.0,1.0,0.7385,-19.76,-3.05,3.9
4krp_complex,D,GLY,168,0,13,T,0.0,0.0,1.0,0.3095,-19.62,-1.2,0.58
4krp_complex,D,VAL,169,0,17,E,0.0,1.0,0.0,0.2535,-18.34,2.02,2.12
4krp_complex,D,HIS,170,0,25,E,0.0,1.0,0.0,0.0815,-15.69,4.11,0.39
4krp_complex,D,THR,171,0,21,E,0.0,1.0,0.0,0.3521,-14.37,7.11,2.24
4krp_complex,D,PHE,172,0,19,-,0.0,0.0,1.0,0.0102,-12.16,8.77,-0.4
4krp_complex,D,PRO,173,0,20,-,0.0,0.0,1.0,0.4191,-8.81,10.37,0.47
4krp_complex,D,ALA,174,0,21,-,0.0,0.0,1.0,0.2075,-9.05,14.14,0.95
4krp_complex,D,VAL,175,0,17,E,0.0,1.0,0.0,0.2465,-8.06,16.37,-1.92
4krp_complex,D,LEU,176,0,15,E,0.0,1.0,0.0,0.5671,-6.46,19.76,-1.49
4krp_complex,D,GLN,177,0,13,-,0.0,0.0,1.0,0.1111,-8.6,22.51,-2.99
4krp_complex,D,SER,178,0,7,T,0.0,0.0,1.0,1.0,-7.22,25.68,-4.59
4krp_complex,D,SER,179,0,7,T,0.0,0.0,1.0,0.5769,-8.38,27.53,-1.46
4krp_complex,D,GLY,180,0,13,S,0.0,0.0,1.0,0.4167,-5.95,25.45,0.57
4krp_complex,D,LEU,181,0,21,-,0.0,0.0,1.0,0.2317,-8.91,23.81,2.34
4krp_complex,D,TYR,182,0,23,E,0.0,1.0,0.0,0.2297,-9.57,20.08,2.21
4krp_complex,D,SER,183,0,23,E,0.0,1.0,0.0,0.1231,-12.6,18.4,0.67
4krp_complex,D,LEU,184,0,23,E,0.0,1.0,0.0,0.0793,-13.66,14.78,0.9
4krp_complex,D,SER,185,0,26,E,0.0,1.0,0.0,0.0308,-16.48,12.45,-0.06
4krp_complex,D,SER,186,0,23,E,0.0,1.0,0.0,0.0,-17.75,9.25,1.51
4krp_complex,D,VAL,187,0,22,E,0.0,1.0,0.0,0.007,-19.99,6.91,-0.47
4krp_complex,D,VAL,188,0,22,E,0.0,1.0,0.0,0.007,-21.73,3.59,-0.0
4krp_complex,D,THR,189,0,19,E,0.0,1.0,0.0,0.1972,-23.49,1.14,-2.3
4krp_complex,D,VAL,190,0,20,E,0.0,1.0,0.0,0.0352,-26.78,-0.27,-1.16
4krp_complex,D,PRO,191,0,14,E,0.0,1.0,0.0,0.5147,-29.5,-2.48,-2.65
4krp_complex,D,SER,192,0,19,S,0.0,0.0,1.0,0.2692,-31.88,-0.12,-4.47
4krp_complex,D,SER,193,0,12,T,0.0,0.0,1.0,0.7769,-34.58,-2.02,-2.56
4krp_complex,D,SER,194,0,12,T,0.0,0.0,1.0,0.1231,-33.49,-0.24,0.64
4krp_complex,D,LEU,195,0,16,T,0.0,0.0,1.0,0.4024,-34.02,3.48,0.06
4krp_complex,D,GLY,196,0,8,T,0.0,0.0,1.0,1.0,-37.57,3.59,1.38
4krp_complex,D,THR,197,0,8,T,0.0,0.0,1.0,0.838,-36.71,0.82,3.83
4krp_complex,D,GLN,198,0,10,S,0.0,0.0,1.0,0.5354,-33.55,1.81,5.69
4krp_complex,D,THR,199,0,11,-,0.0,0.0,1.0,0.5915,-32.48,5.27,6.81
4krp_complex,D,TYR,200,0,19,-,0.0,0.0,1.0,0.0901,-28.86,6.11,5.97
4krp_complex,D,ILE,201,0,19,E,0.0,1.0,0.0,0.3254,-26.85,8.57,8.03
4krp_complex,D,CYS,202,0,26,E,0.0,1.0,0.0,0.0,-23.21,9.68,7.74
4krp_complex,D,ASN,203,0,18,E,0.0,1.0,0.0,0.0764,-21.35,10.57,10.92
4krp_complex,D,VAL,204,0,24,E,0.0,1.0,0.0,0.007,-18.71,13.18,10.17
4krp_complex,D,ASN,205,0,20,E,0.0,1.0,0.0,0.2994,-16.21,14.06,12.88
4krp_complex,D,HIS,206,0,20,E,0.0,1.0,0.0,0.0,-13.45,16.65,12.73
4krp_complex,D,LYS,207,0,16,G,1.0,0.0,0.0,0.6829,-11.57,16.84,16.04
4krp_complex,D,PRO,208,0,19,G,1.0,0.0,0.0,0.3824,-9.36,19.98,15.51
4krp_complex,D,SER,209,0,15,G,1.0,0.0,0.0,0.2154,-12.43,22.18,14.91
4krp_complex,D,ASN,210,0,11,T,0.0,0.0,1.0,0.9172,-14.53,20.11,17.32
4krp_complex,D,THR,211,0,14,E,0.0,1.0,0.0,0.3028,-17.3,19.72,14.75
4krp_complex,D,LYS,212,0,15,E,0.0,1.0,0.0,0.6488,-19.31,16.48,14.89
4krp_complex,D,VAL,213,0,15,E,0.0,1.0,0.0,0.3451,-22.1,16.28,12.3
4krp_complex,D,ASP,214,0,17,E,0.0,1.0,0.0,0.5092,-24.73,13.68,11.4
4krp_complex,D,LYS,215,0,17,E,0.0,1.0,0.0,0.2732,-26.49,14.22,8.05
4krp_complex,D,ARG,216,0,18,E,0.0,1.0,0.0,0.6573,-29.3,11.91,6.92
4krp_complex,D,VAL,217,0,17,-,0.0,0.0,1.0,0.0634,-29.35,11.06,3.19
4krp_complex,D,GLU,218,0,15,-,0.0,0.0,1.0,0.8505,-32.8,10.57,1.61
4krp_complex,C,ASP,1,0,8,-,0.0,0.0,1.0,0.9509,25.38,5.16,9.47
4krp_complex,C,ILE,2,0,16,-,0.0,0.0,1.0,0.0414,23.88,1.86,8.25
4krp_complex,C,LEU,3,0,14,-,0.0,0.0,1.0,0.6646,21.57,1.62,5.21
4krp_complex,C,LEU,4,0,22,E,0.0,1.0,0.0,0.128,18.6,-0.72,4.79
4krp_complex,C,THR,5,0,19,E,0.0,1.0,0.0,0.5845,17.77,-1.08,1.12
4krp_complex,C,GLN,6,0,21,E,0.0,1.0,0.0,0.096,14.46,-2.58,0.11
4krp_complex,C,SER,7,0,16,E,0.0,1.0,0.0,0.3769,13.63,-4.02,-3.29
4krp_complex,C,PRO,8,0,15,-,0.0,0.0,1.0,0.3897,11.6,-3.93,-5.32
4krp_complex,C,VAL,9,0,15,S,0.0,0.0,1.0,0.7676,9.88,-0.62,-4.64
4krp_complex,C,ILE,10,0,13,E,0.0,1.0,0.0,0.5325,6.47,-1.73,-5.89
4krp_complex,C,LEU,11,0,15,E,0.0,1.0,0.0,0.2195,5.54,-5.36,-6.39
4krp_complex,C,SER,12,0,13,E,0.0,1.0,0.0,0.4615,2.43,-6.4,-8.33
4krp_complex,C,VAL,13,0,18,E,0.0,1.0,0.0,0.0352,1.33,-9.96,-7.84
4krp_complex,C,SER,14,0,16,-,0.0,0.0,1.0,0.2923,-1.56,-12.25,-8.75
4krp_complex,C,PRO,15,0,15,T,0.0,0.0,1.0,0.5515,-3.23,-14.16,-5.9
4krp_complex,C,GLY,16,0,12,T,0.0,0.0,1.0,0.5,-1.62,-17.52,-5.16
4krp_complex,C,GLU,17,0,11,-,0.0,0.0,1.0,0.4278,1.82,-16.3,-6.21
4krp_complex,C,ARG,18,0,13,-,0.0,0.0,1.0,0.7903,4.96,-16.54,-4.12
4krp_complex,C,VAL,19,0,19,E,0.0,1.0,0.0,0.0282,6.36,-13.26,-2.84
4krp_complex,C,SER,20,0,17,E,0.0,1.0,0.0,0.5462,9.82,-12.25,-1.75
4krp_complex,C,PHE,21,0,25,E,0.0,1.0,0.0,0.0,10.59,-8.89,-0.26
4krp_complex,C,SER,22,0,23,E,0.0,1.0,0.0,0.2385,14.29,-8.11,-0.23
4krp_complex,C,CYS,23,0,27,E,0.0,1.0,0.0,0.0,15.96,-6.02,2.47
4krp_complex,C,ARG,24,0,21,E,0.0,1.0,0.0,0.5565,19.74,-5.76,2.0
4krp_complex,C,ALA,25,0,22,E,0.0,1.0,0.0,0.066,21.76,-4.13,4.79
4krp_complex,C,SER,26,0,14,S,0.0,0.0,1.0,0.5154,24.94,-2.12,4.03
4krp_complex,C,GLN,27,1,15,S,0.0,0.0,1.0,0.4444,26.73,-3.78,6.99
4krp_complex,C,SER,28,0,14,-,0.0,0.0,1.0,0.6769,26.57,-7.36,8.28
4krp_complex,C,ILE,29,0,17,-,0.0,0.0,1.0,0.0237,24.21,-7.58,11.26
4krp_complex,C,GLY,30,0,15,T,0.0,0.0,1.0,0.4286,23.63,-11.33,11.63
4krp_complex,C,THR,31,0,21,T,0.0,0.0,1.0,0.4507,19.87,-11.72,12.22
4krp_complex,C,ASN,32,1,17,-,0.0,0.0,1.0,0.2866,19.04,-8.41,13.9
4krp_complex,C,ILE,33,0,29,E,0.0,1.0,0.0,0.0,16.22,-7.73,11.43
4krp_complex,C,HIS,34,0,25,E,0.0,1.0,0.0,0.0,12.49,-7.29,11.97
4krp_complex,C,TRP,35,0,29,E,0.0,1.0,0.0,0.0,9.66,-7.05,9.49
4krp_complex,C,TYR,36,0,23,E,0.0,1.0,0.0,0.0,6.49,-4.95,9.57
4krp_complex,C,GLN,37,0,21,E,0.0,1.0,0.0,0.0051,3.25,-4.73,7.62
4krp_complex,C,GLN,38,0,18,E,0.0,1.0,0.0,0.0556,1.38,-1.45,7.3
4krp_complex,C,ARG,39,0,17,-,0.0,0.0,1.0,0.3548,-2.04,-1.28,5.68
4krp_complex,C,THR,40,0,14,T,0.0,0.0,1.0,0.5,-3.71,1.93,4.52
4krp_complex,C,ASN,41,0,9,T,0.0,0.0,1.0,1.0,-4.46,4.39,7.33
4krp_complex,C,GLY,42,0,12,S,0.0,0.0,1.0,0.3095,-3.2,1.79,9.81
4krp_complex,C,SER,43,0,17,-,0.0,0.0,1.0,0.3,-0.31,1.4,12.23
4krp_complex,C,PRO,44,0,24,-,0.0,0.0,1.0,0.0441,2.61,-0.91,11.41
4krp_complex,C,ARG,45,0,18,E,0.0,1.0,0.0,0.3266,2.13,-4.57,12.35
4krp_complex,C,LEU,46,0,26,E,0.0,1.0,0.0,0.0305,5.08,-6.7,13.51
4krp_complex,C,LEU,47,0,27,E,0.0,1.0,0.0,0.0,5.31,-9.81,11.3
4krp_complex,C,ILE,48,0,25,E,0.0,1.0,0.0,0.0178,8.72,-11.36,11.95
4krp_complex,C,LYS,49,0,24,E,0.0,1.0,0.0,0.1659,11.33,-10.77,14.62
4krp_complex,C,TYR,50,1,20,T,0.0,0.0,1.0,0.2252,15.05,-11.52,14.24
4krp_complex,C,ALA,51,0,24,T,0.0,0.0,1.0,0.0189,14.94,-12.54,10.58
4krp_complex,C,SER,52,0,22,T,0.0,0.0,1.0,0.5769,12.76,-15.67,10.98
4krp_complex,C,GLU,53,0,14,E,0.0,1.0,0.0,0.4588,11.09,-15.84,14.39
4krp_complex,C,SER,54,0,17,E,0.0,1.0,0.0,0.7846,7.33,-15.9,13.99
4krp_complex,C,ILE,55,0,16,-,0.0,0.0,1.0,0.142,4.92,-13.67,15.92
4krp_complex,C,SER,56,0,10,T,0.0,0.0,1.0,0.8846,1.62,-14.86,17.37
4krp_complex,C,GLY,57,0,8,T,0.0,0.0,1.0,0.8095,-1.51,-13.81,15.49
4krp_complex,C,ILE,58,0,13,S,0.0,0.0,1.0,0.1716,0.35,-13.54,12.18
4krp_complex,C,PRO,59,0,11,-,0.0,0.0,1.0,0.2574,-0.75,-16.1,9.58
4krp_complex,C,SER,60,0,11,T,0.0,0.0,1.0,0.8692,1.54,-18.98,8.68
4krp_complex,C,ARG,61,0,12,T,0.0,0.0,1.0,0.0927,2.06,-17.94,5.07
4krp_complex,C,PHE,62,0,19,E,0.0,1.0,0.0,0.0558,4.44,-15.2,6.21
4krp_complex,C,SER,63,0,21,E,0.0,1.0,0.0,0.4462,8.02,-16.29,6.84
4krp_complex,C,GLY,64,0,22,E,0.0,1.0,0.0,0.119,11.45,-14.7,6.89
4krp_complex,C,SER,65,0,18,E,0.0,1.0,0.0,0.4769,14.89,-15.95,5.91
4krp_complex,C,GLY,66,0,18,E,0.0,1.0,0.0,0.3929,18.44,-14.63,5.52
4krp_complex,C,SER,67,0,18,E,0.0,1.0,0.0,0.6154,21.37,-13.42,7.61
4krp_complex,C,GLY,68,0,16,T,0.0,0.0,1.0,0.1548,24.29,-10.98,7.5
4krp_complex,C,THR,69,0,17,T,0.0,0.0,1.0,0.3803,23.35,-8.44,4.82
4krp_complex,C,ASP,70,0,19,E,0.0,1.0,0.0,0.4294,20.68,-10.08,2.63
4krp_complex,C,PHE,71,0,24,E,0.0,1.0,0.0,0.0,17.3,-10.65,4.28
4krp_complex,C,THR,72,0,21,E,0.0,1.0,0.0,0.2606,13.99,-11.93,2.94
4krp_complex,C,LEU,73,0,24,E,0.0,1.0,0.0,0.0,10.34,-11.77,3.88
4krp_complex,C,SER,74,0,17,E,0.0,1.0,0.0,0.2154,8.24,-14.43,2.17
4krp_complex,C,ILE,75,0,19,E,0.0,1.0,0.0,0.0,4.59,-15.13,1.43
4krp_complex,C,ASN,76,0,14,S,0.0,0.0,1.0,0.5796,3.97,-18.66,0.1
4krp_complex,C,SER,77,0,14,S,0.0,0.0,1.0,0.3923,0.56,-17.88,-1.36
4krp_complex,C,VAL,78,0,20,-,0.0,0.0,1.0,0.0211,-0.64,-14.3,-1.59
4krp_complex,C,GLU,79,0,18,-,0.0,0.0,1.0,0.4588,-4.18,-13.32,-0.74
4krp_complex,C,SER,80,0,22,G,1.0,0.0,0.0,0.1538,-5.95,-10.02,-1.36
4krp_complex,C,GLU,81,0,14,G,1.0,0.0,0.0,0.4021,-5.83,-9.26,2.37
4krp_complex,C,ASP,82,0,20,G,1.0,0.0,0.0,0.0,-2.03,-8.95,2.07
4krp_complex,C,ILE,83,0,24,-,0.0,0.0,1.0,0.142,-2.14,-5.58,0.34
4krp_complex,C,ALA,84,0,23,E,0.0,1.0,0.0,0.0566,0.09,-3.13,2.24
4krp_complex,C,ASP,85,0,20,E,0.0,1.0,0.0,0.3313,3.51,-1.56,2.55
4krp_complex,C,TYR,86,0,25,E,0.0,1.0,0.0,0.0,6.17,-3.82,4.07
4krp_complex,C,TYR,87,0,28,E,0.0,1.0,0.0,0.0856,9.13,-2.41,6.04
4krp_complex,C,CYS,88,0,31,E,0.0,1.0,0.0,0.0,12.32,-3.98,7.45
4krp_complex,C,GLN,89,0,26,E,0.0,1.0,0.0,0.0,14.01,-2.78,10.65
4krp_complex,C,GLN,90,0,25,E,0.0,1.0,0.0,0.0,17.58,-3.21,11.96
4krp_complex,C,ASN,91,1,19,-,0.0,0.0,1.0,0.1592,18.29,-3.84,15.65
4krp_complex,C,ASN,92,1,16,S,0.0,0.0,1.0,0.4522,22.08,-3.9,15.53
4krp_complex,C,ASN,93,1,12,S,0.0,0.0,1.0,0.2803,23.48,-0.38,15.2
4krp_complex,C,TRP,94,1,10,S,0.0,0.0,1.0,0.5595,22.39,2.61,17.26
4krp_complex,C,PRO,95,1,17,S,0.0,0.0,1.0,0.1176,19.89,4.09,16.46
4krp_complex,C,THR,96,1,17,-,0.0,0.0,1.0,0.0634,17.38,1.5,15.17
4krp_complex,C,THR,97,0,20,E,0.0,1.0,0.0,0.1972,16.41,2.32,11.57
4krp_complex,C,PHE,98,0,22,E,0.0,1.0,0.0,0.1269,13.77,1.4,8.99
4krp_complex,C,GLY,99,0,23,-,0.0,0.0,1.0,0.0238,13.88,0.59,5.29
4krp_complex,C,ALA,100,0,21,-,0.0,0.0,1.0,0.8302,11.88,2.71,2.84
4krp_complex,C,GLY,101,0,27,-,0.0,0.0,1.0,0.131,9.4,-0.07,2.2
4krp_complex,C,THR,102,0,21,E,0.0,1.0,0.0,0.0,7.98,-2.2,-0.58
4krp_complex,C,LYS,103,0,21,E,0.0,1.0,0.0,0.3463,4.4,-1.77,-1.81
4krp_complex,C,LEU,104,0,20,E,0.0,1.0,0.0,0.0061,2.39,-4.9,-2.53
4krp_complex,C,GLU,105,0,18,E,0.0,1.0,0.0,0.2784,-0.22,-4.4,-5.23
4krp_complex,C,LEU,106,0,23,E,0.0,1.0,0.0,0.0122,-2.42,-7.23,-6.4
4krp_complex,C,LYS,107,0,14,-,0.0,0.0,1.0,0.4,-3.52,-8.24,-9.89
4krp_complex,C,ARG,108,0,14,-,0.0,0.0,1.0,0.3145,-7.01,-9.46,-10.73
4krp_complex,C,THR,109,0,12,-,0.0,0.0,1.0,0.7465,-9.37,-9.91,-13.64
4krp_complex,C,VAL,110,0,15,-,0.0,0.0,1.0,0.493,-10.59,-6.77,-15.42
4krp_complex,C,ALA,111,0,17,B,0.0,1.0,0.0,0.2075,-13.65,-5.27,-13.76
4krp_complex,C,ALA,112,0,20,-,0.0,0.0,1.0,0.3868,-15.69,-2.38,-15.16
4krp_complex,C,PRO,113,0,26,-,0.0,0.0,1.0,0.0735,-16.82,0.42,-12.8
4krp_complex,C,SER,114,0,20,E,0.0,1.0,0.0,0.2154,-20.39,1.07,-11.72
4krp_complex,C,VAL,115,0,23,E,0.0,1.0,0.0,0.0352,-20.88,4.75,-12.52
4krp_complex,C,PHE,116,0,23,E,0.0,1.0,0.0,0.1117,-23.05,7.06,-10.43
4krp_complex,C,ILE,117,0,25,E,0.0,1.0,0.0,0.1124,-23.56,10.84,-10.62
4krp_complex,C,PHE,118,0,24,E,0.0,1.0,0.0,0.0152,-24.79,13.11,-7.84
4krp_complex,C,PRO,119,0,20,-,0.0,0.0,1.0,0.375,-26.23,16.61,-8.17
4krp_complex,C,PRO,120,0,23,-,0.0,0.0,1.0,0.0809,-25.6,19.54,-5.8
4krp_complex,C,SER,121,0,18,-,0.0,0.0,1.0,0.1231,-27.66,19.45,-2.62
4krp_complex,C,ASP,122,0,12,H,1.0,0.0,0.0,0.7669,-30.03,22.38,-2.31
4krp_complex,C,GLU,123,0,14,H,1.0,0.0,0.0,0.3814,-28.39,23.09,1.07
4krp_complex,C,GLN,124,0,17,H,1.0,0.0,0.0,0.0101,-25.08,23.72,-0.67
4krp_complex,C,LEU,125,0,16,H,1.0,0.0,0.0,0.122,-26.55,25.91,-3.4
4krp_complex,C,LYS,126,0,10,H,1.0,0.0,0.0,0.7951,-27.89,28.23,-0.7
4krp_complex,C,SER,127,0,9,T,0.0,0.0,1.0,0.5923,-24.25,28.85,0.29
4krp_complex,C,GLY,128,0,11,T,0.0,0.0,1.0,0.4048,-23.57,30.0,-3.27
4krp_complex,C,THR,129,0,18,E,0.0,1.0,0.0,0.3873,-21.53,27.0,-4.42
4krp_complex,C,ALA,130,0,23,E,0.0,1.0,0.0,0.0094,-22.33,23.86,-6.45
4krp_complex,C,SER,131,0,21,E,0.0,1.0,0.0,0.0385,-20.29,20.65,-6.43
4krp_complex,C,VAL,132,0,22,E,0.0,1.0,0.0,0.0,-21.15,17.76,-8.73
4krp_complex,C,VAL,133,0,23,E,0.0,1.0,0.0,0.0141,-19.77,14.33,-7.95
4krp_complex,C,CYS,134,0,25,E,0.0,1.0,0.0,0.0,-19.24,11.44,-10.3
4krp_complex,C,LEU,135,0,26,E,0.0,1.0,0.0,0.0,-18.48,8.05,-8.75
4krp_complex,C,LEU,136,0,20,E,0.0,1.0,0.0,0.0061,-16.74,5.04,-10.32
4krp_complex,C,ASN,137,0,23,E,0.0,1.0,0.0,0.0446,-17.24,2.15,-7.94
4krp_complex,C,ASN,138,0,23,E,0.0,1.0,0.0,0.2357,-15.1,-0.99,-7.62
4krp_complex,C,PHE,139,0,24,E,0.0,1.0,0.0,0.0,-13.13,-1.42,-10.84
4krp_complex,C,TYR,140,0,23,B,0.0,1.0,0.0,0.1937,-9.78,-2.69,-12.08
4krp_complex,C,PRO,141,0,19,S,0.0,0.0,1.0,0.1985,-7.35,-1.74,-13.43
4krp_complex,C,ARG,142,0,19,S,0.0,0.0,1.0,0.5524,-6.74,1.68,-11.86
4krp_complex,C,GLU,143,0,10,-,0.0,0.0,1.0,0.701,-6.37,3.59,-15.12
4krp_complex,C,ALA,144,0,16,-,0.0,0.0,1.0,0.1509,-9.68,5.31,-15.99
4krp_complex,C,LYS,145,0,11,E,0.0,1.0,0.0,0.5415,-10.83,8.4,-17.92
4krp_complex,C,VAL,146,0,21,E,0.0,1.0,0.0,0.162,-13.53,10.78,-16.68
4krp_complex,C,GLN,147,0,18,E,0.0,1.0,0.0,0.3838,-14.94,13.57,-18.83
4krp_complex,C,TRP,148,0,25,E,0.0,1.0,0.0,0.022,-17.3,16.16,-17.31
4krp_complex,C,LYS,149,0,18,E,0.0,1.0,0.0,0.2195,-19.73,17.76,-19.76
4krp_complex,C,VAL,150,0,16,E,0.0,1.0,0.0,0.0352,-22.13,20.67,-19.29
4krp_complex,C,ASP,151,0,12,S,0.0,0.0,1.0,0.4049,-24.59,20.94,-22.18
4krp_complex,C,ASN,152,0,10,S,0.0,0.0,1.0,0.8981,-22.08,19.0,-24.29
4krp_complex,C,ALA,153,0,12,-,0.0,0.0,1.0,0.434,-19.2,21.3,-23.37
4krp_complex,C,LEU,154,0,10,B,0.0,1.0,0.0,0.6341,-16.04,19.5,-22.24
4krp_complex,C,GLN,155,0,12,-,0.0,0.0,1.0,0.2475,-14.94,20.98,-18.91
4krp_complex,C,SER,156,0,10,-,0.0,0.0,1.0,0.8462,-11.24,21.62,-18.15
4krp_complex,C,GLY,157,0,7,S,0.0,0.0,1.0,0.9643,-9.56,22.53,-14.87
4krp_complex,C,ASN,158,0,10,S,0.0,0.0,1.0,0.2357,-12.66,22.69,-12.67
4krp_complex,C,SER,159,0,17,E,0.0,1.0,0.0,0.4,-12.59,19.06,-11.51
4krp_complex,C,GLN,160,0,15,E,0.0,1.0,0.0,0.3384,-10.63,17.11,-8.89
4krp_complex,C,GLU,161,0,17,E,0.0,1.0,0.0,0.4433,-10.25,13.33,-8.68
4krp_complex,C,SER,162,0,17,E,0.0,1.0,0.0,0.0846,-9.61,11.0,-5.78
4krp_complex,C,VAL,163,0,18,E,0.0,1.0,0.0,0.1831,-8.8,7.31,-5.96
4krp_complex,C,THR,164,0,19,-,0.0,0.0,1.0,0.0775,-9.3,5.03,-3.02
4krp_complex,C,GLU,165,0,22,-,0.0,0.0,1.0,0.3918,-6.67,2.46,-2.04
4krp_complex,C,GLN,166,0,21,-,0.0,0.0,1.0,0.0657,-6.89,-1.1,-3.37
4krp_complex,C,ASP,167,0,17,-,0.0,0.0,1.0,0.2822,-9.65,-3.03,-1.57
4krp_complex,C,SER,168,0,16,T,0.0,0.0,1.0,0.4846,-8.68,-5.87,0.78
4krp_complex,C,LYS,169,0,11,T,0.0,0.0,1.0,0.922,-11.43,-8.26,-0.34
4krp_complex,C,ASP,170,0,14,T,0.0,0.0,1.0,0.3374,-11.95,-7.78,-4.11
4krp_complex,C,SER,171,0,21,-,0.0,0.0,1.0,0.0538,-8.72,-5.81,-4.77
4krp_complex,C,THR,172,0,25,-,0.0,0.0,1.0,0.0352,-10.59,-3.22,-6.89
4krp_complex,C,TYR,173,0,21,E,0.0,1.0,0.0,0.0676,-10.36,0.59,-6.93
4krp_complex,C,SER,174,0,23,E,0.0,1.0,0.0,0.0,-12.98,3.34,-6.65
4krp_complex,C,LEU,175,0,24,E,0.0,1.0,0.0,0.0244,-12.78,6.91,-7.95
4krp_complex,C,SER,176,0,27,E,0.0,1.0,0.0,0.0385,-14.62,10.16,-7.26
4krp_complex,C,SER,177,0,20,E,0.0,1.0,0.0,0.0077,-14.5,13.07,-9.67
4krp_complex,C,THR,178,0,21,E,0.0,1.0,0.0,0.1549,-15.84,16.38,-8.44
4krp_complex,C,LEU,179,0,22,E,0.0,1.0,0.0,0.0,-16.89,19.26,-10.69
4krp_complex,C,THR,180,0,17,E,0.0,1.0,0.0,0.4296,-17.32,22.68,-9.02
4krp_complex,C,LEU,181,0,16,E,0.0,1.0,0.0,0.1524,-19.22,25.56,-10.58
4krp_complex,C,SER,182,0,13,E,0.0,1.0,0.0,0.3615,-20.5,28.8,-9.15
4krp_complex,C,LYS,183,0,17,H,1.0,0.0,0.0,0.3659,-24.21,28.78,-8.3
4krp_complex,C,ALA,184,0,12,H,1.0,0.0,0.0,0.4151,-24.62,31.26,-11.15
4krp_complex,C,ASP,185,0,11,H,1.0,0.0,0.0,0.4908,-22.79,29.13,-13.69
4krp_complex,C,TYR,186,0,20,H,1.0,0.0,0.0,0.0541,-24.58,26.03,-12.51
4krp_complex,C,GLU,187,0,12,H,1.0,0.0,0.0,0.4485,-28.01,27.6,-12.9
4krp_complex,C,LYS,188,0,9,T,0.0,0.0,1.0,0.7415,-27.05,28.91,-16.35
4krp_complex,C,HIS,189,0,12,-,0.0,0.0,1.0,0.3696,-27.03,25.3,-17.64
4krp_complex,C,LYS,190,0,11,-,0.0,0.0,1.0,0.6049,-29.33,22.25,-17.84
4krp_complex,C,VAL,191,0,14,E,0.0,1.0,0.0,0.3239,-27.46,19.07,-18.75
4krp_complex,C,TYR,192,0,22,E,0.0,1.0,0.0,0.0,-24.7,17.68,-16.51
4krp_complex,C,ALA,193,0,21,E,0.0,1.0,0.0,0.1038,-22.86,14.58,-17.64
4krp_complex,C,CYS,194,0,26,E,0.0,1.0,0.0,0.0,-20.04,12.3,-16.56
4krp_complex,C,GLU,195,0,16,E,0.0,1.0,0.0,0.2113,-18.43,10.23,-19.33
4krp_complex,C,VAL,196,0,22,E,0.0,1.0,0.0,0.0,-16.37,7.28,-18.14
4krp_complex,C,THR,197,0,19,E,0.0,1.0,0.0,0.3944,-13.87,5.39,-20.27
4krp_complex,C,HIS,198,0,21,-,0.0,0.0,1.0,0.0707,-12.34,2.16,-18.99
4krp_complex,C,GLN,199,0,18,T,0.0,0.0,1.0,0.7121,-10.84,-1.12,-20.2
4krp_complex,C,GLY,200,0,16,T,0.0,0.0,1.0,0.369,-13.83,-3.08,-18.94
4krp_complex,C,LEU,201,0,13,-,0.0,0.0,1.0,0.2256,-16.28,-1.03,-21.01
4krp_complex,C,SER,202,0,9,S,0.0,0.0,1.0,1.0,-16.96,-1.65,-24.69
4krp_complex,C,SER,203,0,10,S,0.0,0.0,1.0,0.6462,-18.31,1.86,-25.11
4krp_complex,C,PRO,204,0,15,-,0.0,0.0,1.0,0.4412,-17.82,4.88,-22.84
4krp_complex,C,VAL,205,0,15,E,0.0,1.0,0.0,0.2606,-20.49,5.0,-20.14
4krp_complex,C,THR,206,0,17,E,0.0,1.0,0.0,0.5141,-22.29,8.27,-19.49
4krp_complex,C,LYS,207,0,15,E,0.0,1.0,0.0,0.2098,-24.39,9.15,-16.46
4krp_complex,C,SER,208,0,18,E,0.0,1.0,0.0,0.5,-26.27,12.45,-16.29
4krp_complex,C,PHE,209,0,13,E,0.0,1.0,0.0,0.1624,-29.06,14.57,-14.88
4krp_complex,C,ASN,210,0,11,E,0.0,1.0,0.0,0.5605,-30.97,17.7,-15.88
4krp_complex,C,ARG,211,0,12,-,0.0,0.0,1.0,0.6371,-31.04,20.59,-13.43
