chain_id,residue_index,residue_name,interface_label,chain_type
B,47,ILE,0,receptor
B,48,ASN,0,receptor
B,49,PHE,0,receptor
B,50,ASP,0,receptor
B,51,THR,0,receptor
B,52,SER,0,receptor
B,53,LEU,0,receptor
B,54,PRO,0,receptor
B,55,THR,0,receptor
B,56,SER,0,receptor
B,57,HIS,0,receptor
B,58,THR,0,receptor
B,59,TYR,0,receptor
B,60,LEU,0,receptor
B,61,GLY,0,receptor
B,62,ALA,0,receptor
B,63,ASP,0,receptor
B,64,MET,0,receptor
B,65,GLU,0,receptor
B,66,GLU,0,receptor
B,67,PHE,0,receptor
B,68,HIS,0,receptor
B,69,GLY,0,receptor
B,70,ARG,0,receptor
B,71,THR,0,receptor
B,72,LEU,0,receptor
B,73,HIS,0,receptor
B,74,ASP,0,receptor
B,75,ASP,0,receptor
B,76,ASP,0,receptor
B,77,SER,0,receptor
B,78,CYS,0,receptor
B,79,GLN,0,receptor
B,80,VAL,0,receptor
B,81,ILE,0,receptor
B,82,PRO,0,receptor
B,83,VAL,0,receptor
B,84,LEU,0,receptor
B,85,PRO,0,receptor
B,86,GLN,0,receptor
B,87,VAL,0,receptor
B,88,MET,0,receptor
B,89,MET,0,receptor
B,90,ILE,0,receptor
B,91,LEU,0,receptor
B,92,ILE,0,receptor
B,93,PRO,0,receptor
B,94,GLY,0,receptor
B,95,GLN,0,receptor
B,96,THR,0,receptor
B,97,LEU,0,receptor
B,98,PRO,0,receptor
B,99,LEU,0,receptor
B,100,GLN,0,receptor
B,101,LEU,0,receptor
B,102,PHE,0,receptor
B,103,HIS,0,receptor
B,104,PRO,0,receptor
B,105,GLN,0,receptor
B,106,GLU,0,receptor
B,107,VAL,0,receptor
B,108,SER,0,receptor
B,109,MET,0,receptor
B,110,VAL,0,receptor
B,111,ARG,0,receptor
B,112,ASN,0,receptor
B,113,LEU,0,receptor
B,114,ILE,0,receptor
B,115,GLN,0,receptor
B,116,LYS,0,receptor
B,117,ASP,0,receptor
B,118,ARG,0,receptor
B,119,THR,0,receptor
B,120,PHE,0,receptor
B,121,ALA,0,receptor
B,122,VAL,0,receptor
B,123,LEU,0,receptor
B,124,ALA,0,receptor
B,125,TYR,0,receptor
B,126,SER,0,receptor
B,127,ASN,0,receptor
B,128,VAL,0,receptor
B,129,GLN,0,receptor
B,130,GLU,0,receptor
B,131,ARG,0,receptor
B,132,GLU,0,receptor
B,133,ALA,0,receptor
B,134,GLN,0,receptor
B,135,PHE,0,receptor
B,136,GLY,0,receptor
B,137,THR,0,receptor
B,138,THR,0,receptor
B,139,ALA,0,receptor
B,140,GLU,0,receptor
B,141,ILE,0,receptor
B,142,TYR,0,receptor
B,143,ALA,0,receptor
B,144,TYR,0,receptor
B,145,ARG,0,receptor
B,146,GLU,0,receptor
B,147,GLU,0,receptor
B,148,GLN,0,receptor
B,149,ASP,0,receptor
B,150,PHE,0,receptor
B,151,GLY,0,receptor
B,152,ILE,0,receptor
B,153,GLU,0,receptor
B,154,ILE,0,receptor
B,155,VAL,0,receptor
B,156,LYS,0,receptor
B,157,VAL,0,receptor
B,158,LYS,0,receptor
B,159,ALA,0,receptor
B,160,ILE,0,receptor
B,161,GLY,0,receptor
B,162,ARG,0,receptor
B,163,GLN,0,receptor
B,164,ARG,0,receptor
B,165,PHE,0,receptor
B,166,LYS,0,receptor
B,167,VAL,0,receptor
B,168,LEU,0,receptor
B,169,GLU,0,receptor
B,170,LEU,0,receptor
B,171,ARG,0,receptor
B,172,THR,0,receptor
B,173,GLN,0,receptor
B,174,SER,0,receptor
B,175,ASP,0,receptor
B,176,GLY,0,receptor
B,177,ILE,0,receptor
B,178,GLN,0,receptor
B,179,GLN,0,receptor
B,180,ALA,0,receptor
B,181,LYS,0,receptor
B,182,VAL,0,receptor
B,183,GLN,0,receptor
B,184,ILE,0,receptor
B,185,LEU,0,receptor
B,186,PRO,0,receptor
B,187,GLU,0,receptor
B,188,CYS,1,receptor
B,189,VAL,1,receptor
B,190,LEU,1,receptor
B,191,PRO,1,receptor
B,192,SER,1,receptor
B,193,THR,1,receptor
B,194,MET,0,receptor
B,195,SER,1,receptor
B,196,ALA,1,receptor
B,197,VAL,1,receptor
B,198,GLN,0,receptor
B,199,LEU,1,receptor
B,200,GLU,1,receptor
B,201,SER,1,receptor
B,202,LEU,1,receptor
B,203,ASN,1,receptor
B,204,LYS,1,receptor
B,205,CYS,1,receptor
B,206,GLN,1,receptor
B,207,ILE,1,receptor
B,208,PHE,1,receptor
B,209,PRO,1,receptor
B,210,SER,0,receptor
B,211,LYS,1,receptor
B,212,PRO,1,receptor
B,213,VAL,1,receptor
B,214,SER,0,receptor
B,215,ARG,0,receptor
B,216,GLU,0,receptor
B,217,ASP,0,receptor
B,218,GLN,0,receptor
B,219,CYS,0,receptor
B,220,SER,0,receptor
B,221,TYR,1,receptor
B,222,LYS,0,receptor
B,223,TRP,0,receptor
B,224,TRP,0,receptor
B,225,GLN,1,receptor
B,226,LYS,0,receptor
B,227,TYR,0,receptor
B,228,GLN,0,receptor
B,229,LYS,1,receptor
B,230,ARG,1,receptor
B,231,LYS,0,receptor
B,232,PHE,0,receptor
B,233,HIS,1,receptor
B,234,CYS,0,receptor
B,235,ALA,0,receptor
B,236,ASN,1,receptor
B,237,LEU,1,receptor
B,238,THR,1,receptor
B,239,SER,1,receptor
B,240,TRP,1,receptor
B,241,PRO,1,receptor
B,242,ARG,1,receptor
B,243,TRP,1,receptor
B,244,LEU,1,receptor
B,245,TYR,1,receptor
B,246,SER,0,receptor
B,247,LEU,1,receptor
B,248,TYR,1,receptor
B,249,ASP,0,receptor
B,250,ALA,0,receptor
B,251,GLU,0,receptor
B,252,THR,0,receptor
B,253,LEU,0,receptor
B,254,MET,0,receptor
B,255,ASP,0,receptor
B,256,ARG,1,receptor
B,257,ILE,0,receptor
B,258,LYS,0,receptor
B,259,LYS,0,receptor
B,260,GLN,0,receptor
B,261,LEU,0,receptor
B,262,ARG,0,receptor
B,263,GLU,0,receptor
B,264,TRP,0,receptor
B,265,ASP,0,receptor
B,266,GLU,0,receptor
B,267,ASN,0,receptor
B,268,LEU,0,receptor
B,269,LYS,0,receptor
B,270,ASP,0,receptor
B,271,ASP,0,receptor
B,272,SER,0,receptor
B,273,LEU,0,receptor
B,274,PRO,0,receptor
B,275,SER,0,receptor
B,276,ASN,0,receptor
B,277,PRO,0,receptor
B,278,ILE,0,receptor
B,279,ASP,0,receptor
B,280,PHE,0,receptor
B,281,SER,0,receptor
B,282,TYR,0,receptor
B,283,ARG,0,receptor
B,284,VAL,0,receptor
B,285,ALA,0,receptor
B,286,ALA,0,receptor
B,287,CYS,0,receptor
B,288,LEU,0,receptor
B,289,PRO,0,receptor
B,290,ILE,0,receptor
B,291,ASP,0,receptor
B,292,ASP,0,receptor
B,293,VAL,0,receptor
B,294,LEU,0,receptor
B,295,ARG,0,receptor
B,296,ILE,0,receptor
B,297,GLN,0,receptor
B,298,LEU,0,receptor
B,299,LEU,0,receptor
B,300,LYS,0,receptor
B,301,ILE,0,receptor
B,302,GLY,0,receptor
B,303,SER,1,receptor
B,304,ALA,0,receptor
B,305,ILE,1,receptor
B,306,GLN,1,receptor
B,307,ARG,0,receptor
B,308,LEU,0,receptor
B,309,ARG,1,receptor
B,310,CYS,0,receptor
B,311,GLU,0,receptor
B,312,LEU,0,receptor
B,313,ASP,0,receptor
B,314,ILE,0,receptor
B,315,MET,0,receptor
B,316,ASN,0,receptor
B,317,LYS,0,receptor
B,318,CYS,0,receptor
B,319,THR,0,receptor
B,320,SER,0,receptor
B,321,LEU,0,receptor
B,322,CYS,0,receptor
B,323,CYS,0,receptor
B,324,LYS,0,receptor
B,325,GLN,0,receptor
B,326,CYS,0,receptor
B,327,GLN,0,receptor
B,328,GLU,0,receptor
B,329,THR,0,receptor
B,330,GLU,0,receptor
B,331,ILE,0,receptor
B,332,THR,0,receptor
B,333,THR,0,receptor
B,334,LYS,0,receptor
B,335,ASN,0,receptor
B,336,GLU,0,receptor
B,337,ILE,0,receptor
B,338,PHE,0,receptor
B,339,SER,0,receptor
B,340,LEU,0,receptor
B,341,SER,0,receptor
B,342,LEU,0,receptor
B,343,CYS,0,receptor
B,344,GLY,0,receptor
B,345,PRO,0,receptor
B,346,MET,0,receptor
B,347,ALA,0,receptor
B,348,ALA,0,receptor
B,349,TYR,0,receptor
B,350,VAL,0,receptor
B,351,ASN,0,receptor
B,352,PRO,0,receptor
B,353,HIS,0,receptor
B,354,GLY,0,receptor
B,355,TYR,0,receptor
B,356,VAL,0,receptor
B,357,HIS,0,receptor
B,358,GLU,0,receptor
B,359,THR,0,receptor
B,360,LEU,0,receptor
B,361,THR,0,receptor
B,362,VAL,0,receptor
B,363,TYR,0,receptor
B,364,LYS,0,receptor
B,365,ALA,0,receptor
B,366,CYS,0,receptor
B,367,ASN,0,receptor
B,368,LEU,0,receptor
B,369,ASN,0,receptor
B,370,LEU,0,receptor
B,371,ILE,0,receptor
B,372,GLY,0,receptor
B,373,ARG,0,receptor
B,374,PRO,0,receptor
B,375,SER,0,receptor
B,376,THR,0,receptor
B,377,GLU,0,receptor
B,378,HIS,0,receptor
B,379,SER,0,receptor
B,380,TRP,0,receptor
B,381,PHE,0,receptor
B,382,PRO,0,receptor
B,383,GLY,0,receptor
B,384,TYR,0,receptor
B,385,ALA,0,receptor
B,386,TRP,0,receptor
B,387,THR,0,receptor
B,388,VAL,0,receptor
B,389,ALA,0,receptor
B,390,GLN,0,receptor
B,391,CYS,0,receptor
B,392,LYS,0,receptor
B,393,ILE,0,receptor
B,394,CYS,0,receptor
B,395,ALA,0,receptor
B,396,SER,0,receptor
B,397,HIS,0,receptor
B,398,ILE,0,receptor
B,399,GLY,0,receptor
B,400,TRP,0,receptor
B,401,LYS,0,receptor
B,402,PHE,0,receptor
B,403,THR,0,receptor
B,404,ALA,0,receptor
B,405,THR,0,receptor
B,406,LYS,0,receptor
B,407,LYS,0,receptor
B,408,ASP,0,receptor
B,409,MET,0,receptor
B,410,SER,0,receptor
B,411,PRO,0,receptor
B,412,GLN,0,receptor
B,413,LYS,0,receptor
B,414,PHE,0,receptor
B,415,TRP,0,receptor
B,416,GLY,0,receptor
B,417,LEU,0,receptor
B,418,THR,0,receptor
B,419,ARG,0,receptor
B,420,SER,0,receptor
B,421,ALA,0,receptor
B,422,LEU,0,receptor
B,423,LEU,0,receptor
B,424,PRO,0,receptor
B,425,THR,0,receptor
B,426,ILE,0,receptor
B,427,PRO,0,receptor
B,428,ASP,0,receptor
B,429,THR,0,receptor
B,430,GLU,1,receptor
B,431,ASP,0,receptor
B,432,GLU,0,receptor
B,433,ILE,1,receptor
B,434,SER,1,receptor
B,435,PRO,1,receptor
B,436,ASP,1,receptor
A,1,MET,0,ligand
A,2,SER,0,ligand
A,3,TYR,0,ligand
A,4,ASN,0,ligand
A,5,TYR,0,ligand
A,6,VAL,0,ligand
A,7,VAL,0,ligand
A,8,THR,0,ligand
A,9,ALA,0,ligand
A,10,GLN,0,ligand
A,11,LYS,0,ligand
A,12,PRO,0,ligand
A,13,THR,0,ligand
A,14,ALA,0,ligand
A,15,VAL,0,ligand
A,16,ASN,1,ligand
A,17,GLY,0,ligand
A,18,CYS,0,ligand
A,19,VAL,0,ligand
A,20,THR,0,ligand
A,21,GLY,0,ligand
A,22,HIS,0,ligand
A,23,PHE,0,ligand
A,24,THR,0,ligand
A,25,SER,0,ligand
A,26,ALA,0,ligand
A,27,GLU,0,ligand
A,28,ASP,0,ligand
A,29,LEU,0,ligand
A,30,ASN,0,ligand
A,31,LEU,0,ligand
A,32,LEU,0,ligand
A,33,ILE,0,ligand
A,34,ALA,0,ligand
A,35,LYS,0,ligand
A,36,ASN,0,ligand
A,37,THR,0,ligand
A,38,ARG,0,ligand
A,39,LEU,0,ligand
A,40,GLU,0,ligand
A,41,ILE,0,ligand
A,42,TYR,0,ligand
A,43,VAL,0,ligand
A,44,VAL,0,ligand
A,45,THR,0,ligand
A,46,ALA,0,ligand
A,47,GLU,0,ligand
A,48,GLY,0,ligand
A,49,LEU,0,ligand
A,50,ARG,0,ligand
A,51,PRO,0,ligand
A,52,VAL,0,ligand
A,53,LYS,0,ligand
A,54,GLU,0,ligand
A,55,VAL,0,ligand
A,56,GLY,0,ligand
A,57,MET,0,ligand
A,58,TYR,0,ligand
A,59,GLY,0,ligand
A,60,LYS,0,ligand
A,61,ILE,0,ligand
A,62,ALA,0,ligand
A,63,VAL,0,ligand
A,64,MET,0,ligand
A,65,GLU,0,ligand
A,66,LEU,0,ligand
A,67,PHE,0,ligand
A,68,ARG,0,ligand
A,69,PRO,0,ligand
A,70,LYS,0,ligand
A,71,GLY,0,ligand
A,72,GLU,0,ligand
A,73,SER,0,ligand
A,74,LYS,0,ligand
A,75,ASP,0,ligand
A,76,LEU,0,ligand
A,77,LEU,0,ligand
A,78,PHE,0,ligand
A,79,ILE,0,ligand
A,80,LEU,0,ligand
A,81,THR,0,ligand
A,82,ALA,0,ligand
A,83,LYS,0,ligand
A,84,TYR,0,ligand
A,85,ASN,0,ligand
A,86,ALA,0,ligand
A,87,CYS,0,ligand
A,88,ILE,0,ligand
A,89,LEU,0,ligand
A,90,GLU,0,ligand
A,91,TYR,0,ligand
A,92,LYS,0,ligand
A,93,GLN,0,ligand
A,94,SER,0,ligand
A,95,GLY,0,ligand
A,96,GLU,0,ligand
A,97,SER,0,ligand
A,98,ILE,0,ligand
A,99,ASP,0,ligand
A,100,ILE,0,ligand
A,101,ILE,0,ligand
A,102,THR,0,ligand
A,103,ARG,0,ligand
A,104,ALA,0,ligand
A,105,HIS,0,ligand
A,106,GLY,0,ligand
A,107,ASN,0,ligand
A,108,VAL,0,ligand
A,109,GLN,0,ligand
A,110,ASP,0,ligand
A,111,ARG,0,ligand
A,112,ILE,0,ligand
A,113,GLY,0,ligand
A,114,ARG,0,ligand
A,115,PRO,0,ligand
A,116,SER,0,ligand
A,117,GLU,1,ligand
A,118,THR,1,ligand
A,119,GLY,1,ligand
A,120,ILE,0,ligand
A,121,ILE,0,ligand
A,122,GLY,0,ligand
A,123,ILE,0,ligand
A,124,ILE,0,ligand
A,125,ASP,0,ligand
A,126,PRO,0,ligand
A,127,GLU,0,ligand
A,128,CYS,0,ligand
A,129,ARG,0,ligand
A,130,MET,0,ligand
A,131,ILE,0,ligand
A,132,GLY,0,ligand
A,133,LEU,0,ligand
A,134,ARG,0,ligand
A,135,LEU,0,ligand
A,136,TYR,0,ligand
A,137,ASP,0,ligand
A,138,GLY,0,ligand
A,139,LEU,0,ligand
A,140,PHE,0,ligand
A,141,LYS,0,ligand
A,142,VAL,0,ligand
A,143,ILE,0,ligand
A,144,PRO,0,ligand
A,145,LEU,0,ligand
A,146,ASP,0,ligand
A,147,ARG,0,ligand
A,148,ASP,0,ligand
A,149,ASN,0,ligand
A,150,LYS,0,ligand
A,151,GLU,0,ligand
A,152,LEU,0,ligand
A,153,LYS,0,ligand
A,154,ALA,0,ligand
A,155,PHE,0,ligand
A,156,ASN,0,ligand
A,157,ILE,0,ligand
A,158,ARG,0,ligand
A,159,LEU,0,ligand
A,160,GLU,0,ligand
A,161,GLU,0,ligand
A,162,LEU,0,ligand
A,163,HIS,1,ligand
A,164,VAL,1,ligand
A,165,ILE,1,ligand
A,166,ASP,1,ligand
A,167,VAL,0,ligand
A,168,LYS,0,ligand
A,169,PHE,0,ligand
A,170,LEU,0,ligand
A,171,TYR,0,ligand
A,172,GLY,0,ligand
A,173,CYS,0,ligand
A,174,GLN,0,ligand
A,175,ALA,0,ligand
A,176,PRO,0,ligand
A,177,THR,0,ligand
A,178,ILE,0,ligand
A,179,CYS,0,ligand
A,180,PHE,0,ligand
A,181,VAL,0,ligand
A,182,TYR,0,ligand
A,183,GLN,1,ligand
A,184,ASP,1,ligand
A,185,PRO,1,ligand
A,186,GLN,0,ligand
A,187,GLY,0,ligand
A,188,ARG,1,ligand
A,189,HIS,0,ligand
A,190,VAL,0,ligand
A,191,LYS,0,ligand
A,192,THR,0,ligand
A,193,TYR,0,ligand
A,194,GLU,0,ligand
A,195,VAL,0,ligand
A,196,SER,0,ligand
A,197,LEU,0,ligand
A,198,ARG,0,ligand
A,199,GLU,0,ligand
A,200,LYS,0,ligand
A,201,GLU,0,ligand
A,202,PHE,0,ligand
A,203,ASN,0,ligand
A,204,LYS,0,ligand
A,205,GLY,0,ligand
A,206,PRO,0,ligand
A,207,TRP,0,ligand
A,208,LYS,0,ligand
A,209,GLN,0,ligand
A,210,GLU,0,ligand
A,211,ASN,0,ligand
A,212,VAL,0,ligand
A,213,GLU,0,ligand
A,214,ALA,1,ligand
A,215,GLU,1,ligand
A,216,ALA,0,ligand
A,217,SER,1,ligand
A,218,MET,1,ligand
A,219,VAL,0,ligand
A,220,ILE,0,ligand
A,221,ALA,0,ligand
A,222,VAL,0,ligand
A,223,PRO,0,ligand
A,224,GLU,0,ligand
A,225,PRO,0,ligand
A,226,PHE,0,ligand
A,227,GLY,0,ligand
A,228,GLY,0,ligand
A,229,ALA,0,ligand
A,230,ILE,0,ligand
A,231,ILE,0,ligand
A,232,ILE,0,ligand
A,233,GLY,0,ligand
A,234,GLN,0,ligand
A,235,GLU,0,ligand
A,236,SER,0,ligand
A,237,ILE,0,ligand
A,238,THR,0,ligand
A,239,TYR,0,ligand
A,240,HIS,0,ligand
A,241,ASN,0,ligand
A,242,GLY,0,ligand
A,243,ASP,0,ligand
A,244,LYS,0,ligand
A,245,TYR,0,ligand
A,246,LEU,0,ligand
A,247,ALA,0,ligand
A,248,ILE,0,ligand
A,249,ALA,0,ligand
A,250,PRO,0,ligand
A,251,PRO,0,ligand
A,252,ILE,0,ligand
A,253,ILE,0,ligand
A,254,LYS,0,ligand
A,255,GLN,0,ligand
A,256,SER,0,ligand
A,257,THR,1,ligand
A,258,ILE,0,ligand
A,259,VAL,1,ligand
A,260,CYS,0,ligand
A,261,HIS,0,ligand
A,262,ASN,0,ligand
A,263,ARG,0,ligand
A,264,VAL,0,ligand
A,265,ASP,0,ligand
A,266,PRO,0,ligand
A,267,ASN,0,ligand
A,268,GLY,0,ligand
A,269,SER,0,ligand
A,270,ARG,0,ligand
A,271,TYR,0,ligand
A,272,LEU,0,ligand
A,273,LEU,0,ligand
A,274,GLY,0,ligand
A,275,ASP,0,ligand
A,276,MET,1,ligand
A,277,GLU,0,ligand
A,278,GLY,0,ligand
A,279,ARG,0,ligand
A,280,LEU,0,ligand
A,281,PHE,0,ligand
A,282,MET,0,ligand
A,283,LEU,0,ligand
A,284,LEU,0,ligand
A,285,LEU,0,ligand
A,286,GLU,0,ligand
A,287,LYS,0,ligand
A,288,GLU,0,ligand
A,289,GLU,0,ligand
A,290,GLN,0,ligand
A,291,MET,0,ligand
A,292,ASP,0,ligand
A,293,GLY,0,ligand
A,294,THR,0,ligand
A,295,VAL,0,ligand
A,296,THR,0,ligand
A,297,LEU,0,ligand
A,298,LYS,0,ligand
A,299,ASP,0,ligand
A,300,LEU,0,ligand
A,301,ARG,0,ligand
A,302,VAL,0,ligand
A,303,GLU,0,ligand
A,304,LEU,0,ligand
A,305,LEU,0,ligand
A,306,GLY,0,ligand
A,307,GLU,0,ligand
A,308,THR,0,ligand
A,309,SER,0,ligand
A,310,ILE,0,ligand
A,311,ALA,0,ligand
A,312,GLU,1,ligand
A,313,CYS,0,ligand
A,314,LEU,0,ligand
A,315,THR,0,ligand
A,316,TYR,0,ligand
A,317,LEU,0,ligand
A,318,ASP,0,ligand
A,319,ASN,0,ligand
A,320,GLY,0,ligand
A,321,VAL,0,ligand
A,322,VAL,0,ligand
A,323,PHE,0,ligand
A,324,VAL,0,ligand
A,325,GLY,0,ligand
A,326,SER,0,ligand
A,327,ARG,1,ligand
A,328,LEU,1,ligand
A,329,GLY,0,ligand
A,330,ASP,0,ligand
A,331,SER,0,ligand
A,332,GLN,0,ligand
A,333,LEU,0,ligand
A,334,VAL,0,ligand
A,335,LYS,0,ligand
A,336,LEU,0,ligand
A,337,ASN,0,ligand
A,338,VAL,0,ligand
A,339,ASP,0,ligand
A,340,SER,0,ligand
A,341,ASN,0,ligand
A,342,GLU,0,ligand
A,343,GLN,0,ligand
A,344,GLY,0,ligand
A,345,SER,0,ligand
A,346,TYR,0,ligand
A,347,VAL,0,ligand
A,348,VAL,0,ligand
A,349,ALA,0,ligand
A,350,MET,0,ligand
A,351,GLU,0,ligand
A,352,THR,0,ligand
A,353,PHE,0,ligand
A,354,THR,0,ligand
A,355,ASN,0,ligand
A,356,LEU,0,ligand
A,357,GLY,0,ligand
A,358,PRO,1,ligand
A,359,ILE,0,ligand
A,360,VAL,1,ligand
A,361,ASP,0,ligand
A,362,MET,0,ligand
A,363,CYS,0,ligand
A,364,VAL,0,ligand
A,365,VAL,0,ligand
A,366,ASP,0,ligand
A,367,LEU,0,ligand
A,368,GLU,0,ligand
A,369,ARG,0,ligand
A,370,GLN,0,ligand
A,371,GLY,0,ligand
A,372,GLN,0,ligand
A,373,GLY,0,ligand
A,374,GLN,0,ligand
A,375,LEU,0,ligand
A,376,VAL,0,ligand
A,377,THR,0,ligand
A,378,CYS,0,ligand
A,379,SER,0,ligand
A,380,GLY,0,ligand
A,381,ALA,1,ligand
A,382,PHE,1,ligand
A,383,LYS,0,ligand
A,384,GLU,0,ligand
A,385,GLY,0,ligand
A,386,SER,0,ligand
A,387,LEU,0,ligand
A,388,ARG,0,ligand
A,389,ILE,0,ligand
A,390,ILE,0,ligand
A,391,ARG,0,ligand
A,392,ASN,0,ligand
A,393,GLY,0,ligand
A,394,ILE,0,ligand
A,395,GLY,0,ligand
A,396,GLY,0,ligand
A,397,ASN,0,ligand
A,398,GLY,0,ligand
A,399,ASN,0,ligand
A,400,SER,0,ligand
A,401,GLY,0,ligand
A,402,GLU,0,ligand
A,403,ILE,0,ligand
A,404,GLN,0,ligand
A,709,LYS,0,ligand
A,710,LEU,0,ligand
A,711,HIS,0,ligand
A,712,ILE,0,ligand
A,713,ARG,0,ligand
A,714,THR,0,ligand
A,715,VAL,0,ligand
A,716,PRO,0,ligand
A,717,LEU,0,ligand
A,718,TYR,0,ligand
A,719,GLU,0,ligand
A,720,SER,0,ligand
A,721,PRO,0,ligand
A,722,ARG,1,ligand
A,723,LYS,1,ligand
A,724,ILE,0,ligand
A,725,CYS,0,ligand
A,726,TYR,0,ligand
A,727,GLN,0,ligand
A,728,GLU,0,ligand
A,729,VAL,0,ligand
A,730,SER,0,ligand
A,731,GLN,0,ligand
A,732,CYS,0,ligand
A,733,PHE,0,ligand
A,734,GLY,0,ligand
A,735,VAL,0,ligand
A,736,LEU,0,ligand
A,737,SER,0,ligand
A,738,SER,0,ligand
A,739,ARG,0,ligand
A,740,ILE,0,ligand
A,741,GLU,0,ligand
A,742,VAL,0,ligand
A,743,GLN,0,ligand
A,744,ASP,0,ligand
A,745,THR,0,ligand
A,746,SER,0,ligand
A,747,GLY,0,ligand
A,748,GLY,0,ligand
A,749,THR,0,ligand
A,750,THR,0,ligand
A,751,ALA,0,ligand
A,752,LEU,0,ligand
A,753,ARG,0,ligand
A,754,PRO,0,ligand
A,755,SER,0,ligand
A,756,ALA,0,ligand
A,757,SER,0,ligand
A,758,THR,0,ligand
A,759,GLN,0,ligand
A,760,ALA,0,ligand
A,761,LEU,0,ligand
A,762,SER,0,ligand
A,763,SER,0,ligand
A,764,SER,0,ligand
A,765,VAL,0,ligand
A,766,SER,0,ligand
A,767,SER,0,ligand
A,768,SER,0,ligand
A,769,LYS,0,ligand
A,770,LEU,0,ligand
A,771,PHE,0,ligand
A,772,SER,0,ligand
A,773,SER,0,ligand
A,774,SER,0,ligand
A,775,THR,0,ligand
A,776,ALA,0,ligand
A,777,PRO,0,ligand
A,778,HIS,0,ligand
A,779,GLU,0,ligand
A,780,THR,0,ligand
A,781,SER,0,ligand
A,782,PHE,0,ligand
A,783,GLY,0,ligand
A,784,GLU,0,ligand
A,785,GLU,1,ligand
A,786,VAL,0,ligand
A,787,GLU,1,ligand
A,788,VAL,0,ligand
A,789,HIS,0,ligand
A,790,ASN,0,ligand
A,791,LEU,0,ligand
A,792,LEU,0,ligand
A,793,ILE,0,ligand
A,794,ILE,0,ligand
A,795,ASP,0,ligand
A,796,GLN,0,ligand
A,797,HIS,0,ligand
A,798,THR,0,ligand
A,799,PHE,0,ligand
A,800,GLU,0,ligand
A,801,VAL,0,ligand
A,802,LEU,0,ligand
A,803,HIS,0,ligand
A,804,ALA,0,ligand
A,805,HIS,0,ligand
A,806,GLN,0,ligand
A,807,PHE,0,ligand
A,808,LEU,0,ligand
A,809,GLN,0,ligand
A,810,ASN,0,ligand
A,811,GLU,0,ligand
A,812,TYR,1,ligand
A,813,ALA,0,ligand
A,814,LEU,1,ligand
A,815,SER,0,ligand
A,816,LEU,0,ligand
A,817,VAL,0,ligand
A,818,SER,0,ligand
A,819,CYS,0,ligand
A,820,LYS,0,ligand
A,821,LEU,0,ligand
A,822,GLY,0,ligand
A,823,LYS,0,ligand
A,824,ASP,0,ligand
A,825,PRO,0,ligand
A,826,ASN,0,ligand
A,827,THR,0,ligand
A,828,TYR,0,ligand
A,829,PHE,0,ligand
A,830,ILE,0,ligand
A,831,VAL,0,ligand
A,832,GLY,0,ligand
A,833,THR,0,ligand
A,834,ALA,1,ligand
A,835,MET,0,ligand
A,836,VAL,1,ligand
A,837,TYR,0,ligand
A,838,PRO,1,ligand
A,839,GLU,1,ligand
A,840,GLU,0,ligand
A,841,ALA,1,ligand
A,842,GLU,1,ligand
A,843,PRO,1,ligand
A,844,LYS,0,ligand
A,845,GLN,0,ligand
A,846,GLY,0,ligand
A,847,ARG,0,ligand
A,848,ILE,0,ligand
A,849,VAL,0,ligand
A,850,VAL,0,ligand
A,851,PHE,0,ligand
A,852,GLN,0,ligand
A,853,TYR,0,ligand
A,854,SER,0,ligand
A,855,ASP,0,ligand
A,856,GLY,0,ligand
A,857,LYS,0,ligand
A,858,LEU,0,ligand
A,859,GLN,0,ligand
A,860,THR,0,ligand
A,861,VAL,0,ligand
A,862,ALA,0,ligand
A,863,GLU,0,ligand
A,864,LYS,0,ligand
A,865,GLU,0,ligand
A,866,VAL,0,ligand
A,867,LYS,0,ligand
A,868,GLY,0,ligand
A,869,ALA,1,ligand
A,870,VAL,0,ligand
A,871,TYR,1,ligand
A,872,SER,0,ligand
A,873,MET,0,ligand
A,874,VAL,0,ligand
A,875,GLU,0,ligand
A,876,PHE,0,ligand
A,877,ASN,0,ligand
A,878,GLY,0,ligand
A,879,LYS,0,ligand
A,880,LEU,0,ligand
A,881,LEU,0,ligand
A,882,ALA,0,ligand
A,883,SER,0,ligand
A,884,ILE,0,ligand
A,885,ASN,0,ligand
A,886,SER,1,ligand
A,887,THR,0,ligand
A,888,VAL,0,ligand
A,889,ARG,0,ligand
A,890,LEU,0,ligand
A,891,TYR,0,ligand
A,892,GLU,0,ligand
A,893,TRP,0,ligand
A,894,THR,0,ligand
A,895,THR,0,ligand
A,896,GLU,0,ligand
A,897,LYS,0,ligand
A,898,GLU,0,ligand
A,899,LEU,0,ligand
A,900,ARG,0,ligand
A,901,THR,0,ligand
A,902,GLU,0,ligand
A,903,CYS,0,ligand
A,904,ASN,0,ligand
A,905,HIS,0,ligand
A,906,TYR,1,ligand
A,907,ASN,1,ligand
A,908,ASN,1,ligand
A,909,ILE,0,ligand
A,910,MET,1,ligand
A,911,ALA,0,ligand
A,912,LEU,1,ligand
A,913,TYR,1,ligand
A,914,LEU,0,ligand
A,915,LYS,0,ligand
A,916,THR,0,ligand
A,917,LYS,0,ligand
A,918,GLY,0,ligand
A,919,ASP,0,ligand
A,920,PHE,0,ligand
A,921,ILE,0,ligand
A,922,LEU,0,ligand
A,923,VAL,0,ligand
A,924,GLY,0,ligand
A,925,ASP,1,ligand
A,926,LEU,1,ligand
A,927,MET,1,ligand
A,928,ARG,0,ligand
A,929,SER,1,ligand
A,930,VAL,0,ligand
A,931,LEU,0,ligand
A,932,LEU,0,ligand
A,933,LEU,0,ligand
A,934,ALA,0,ligand
A,935,TYR,0,ligand
A,936,LYS,0,ligand
A,937,PRO,0,ligand
A,938,MET,0,ligand
A,939,GLU,0,ligand
A,940,GLY,0,ligand
A,941,ASN,0,ligand
A,942,PHE,0,ligand
A,943,GLU,0,ligand
A,944,GLU,0,ligand
A,945,ILE,0,ligand
A,946,ALA,0,ligand
A,947,ARG,0,ligand
A,948,ASP,0,ligand
A,949,PHE,0,ligand
A,950,ASN,0,ligand
A,951,PRO,1,ligand
A,952,ASN,1,ligand
A,953,TRP,1,ligand
A,954,MET,0,ligand
A,955,SER,0,ligand
A,956,ALA,0,ligand
A,957,VAL,0,ligand
A,958,GLU,0,ligand
A,959,ILE,0,ligand
A,960,LEU,0,ligand
A,961,ASP,0,ligand
A,962,ASP,0,ligand
A,963,ASP,0,ligand
A,964,ASN,0,ligand
A,965,PHE,0,ligand
A,966,LEU,0,ligand
A,967,GLY,0,ligand
A,968,ALA,0,ligand
A,969,GLU,0,ligand
A,970,ASN,1,ligand
A,971,ALA,0,ligand
A,972,PHE,1,ligand
A,973,ASN,0,ligand
A,974,LEU,0,ligand
A,975,PHE,0,ligand
A,976,VAL,0,ligand
A,977,CYS,0,ligand
A,978,GLN,0,ligand
A,979,LYS,0,ligand
A,980,ASP,0,ligand
A,981,SER,0,ligand
A,982,ALA,0,ligand
A,983,ALA,0,ligand
A,984,THR,0,ligand
A,985,THR,0,ligand
A,986,ASP,0,ligand
A,987,GLU,0,ligand
A,988,GLU,0,ligand
A,989,ARG,0,ligand
A,990,GLN,0,ligand
A,991,HIS,0,ligand
A,992,LEU,0,ligand
A,993,GLN,0,ligand
A,994,GLU,0,ligand
A,995,VAL,0,ligand
A,996,GLY,0,ligand
A,997,LEU,0,ligand
A,998,PHE,0,ligand
A,999,HIS,0,ligand
A,1000,LEU,0,ligand
A,1001,GLY,0,ligand
A,1002,GLU,0,ligand
A,1003,PHE,1,ligand
A,1004,VAL,0,ligand
A,1005,ASN,1,ligand
A,1006,VAL,0,ligand
A,1007,PHE,0,ligand
A,1008,CYS,0,ligand
A,1009,HIS,0,ligand
A,1010,GLY,0,ligand
A,1011,SER,0,ligand
A,1012,LEU,0,ligand
A,1013,VAL,0,ligand
A,1014,MET,0,ligand
A,1015,GLN,0,ligand
A,1016,ASN,0,ligand
A,1017,LEU,0,ligand
A,1018,GLY,0,ligand
A,1019,GLU,0,ligand
A,1020,THR,0,ligand
A,1021,SER,0,ligand
A,1022,THR,0,ligand
A,1023,PRO,0,ligand
A,1024,THR,0,ligand
A,1025,GLN,0,ligand
A,1026,GLY,0,ligand
A,1027,SER,0,ligand
A,1028,VAL,0,ligand
A,1029,LEU,0,ligand
A,1030,PHE,0,ligand
A,1031,GLY,0,ligand
A,1032,THR,0,ligand
A,1033,VAL,1,ligand
A,1034,ASN,0,ligand
A,1035,GLY,0,ligand
A,1036,MET,0,ligand
A,1037,ILE,0,ligand
A,1038,GLY,0,ligand
A,1039,LEU,0,ligand
A,1040,VAL,0,ligand
A,1041,THR,0,ligand
A,1042,SER,0,ligand
A,1043,LEU,0,ligand
A,1044,SER,0,ligand
A,1045,GLU,0,ligand
A,1046,SER,0,ligand
A,1047,TRP,0,ligand
A,1048,TYR,0,ligand
A,1049,ASN,0,ligand
A,1050,LEU,0,ligand
A,1051,LEU,0,ligand
A,1052,LEU,0,ligand
A,1053,ASP,0,ligand
A,1054,MET,0,ligand
A,1055,GLN,0,ligand
A,1056,ASN,0,ligand
A,1057,ARG,0,ligand
A,1058,LEU,0,ligand
A,1059,ASN,0,ligand
A,1060,LYS,0,ligand
A,1061,VAL,0,ligand
A,1062,ILE,0,ligand
A,1063,LYS,0,ligand
A,1064,SER,0,ligand
A,1065,VAL,0,ligand
A,1066,GLY,0,ligand
A,1067,LYS,0,ligand
A,1068,ILE,0,ligand
A,1069,GLU,0,ligand
A,1070,HIS,0,ligand
A,1071,SER,0,ligand
A,1072,PHE,0,ligand
A,1073,TRP,0,ligand
A,1074,ARG,0,ligand
A,1075,SER,0,ligand
A,1076,PHE,0,ligand
A,1077,HIS,0,ligand
A,1078,THR,0,ligand
A,1079,GLU,0,ligand
A,1080,ARG,1,ligand
A,1081,LYS,0,ligand
A,1082,THR,0,ligand
A,1083,GLU,0,ligand
A,1084,PRO,0,ligand
A,1085,ALA,0,ligand
A,1086,THR,0,ligand
A,1087,GLY,0,ligand
A,1088,PHE,0,ligand
A,1089,ILE,0,ligand
A,1090,ASP,0,ligand
A,1091,GLY,0,ligand
A,1092,ASP,0,ligand
A,1093,LEU,0,ligand
A,1094,ILE,0,ligand
A,1095,GLU,0,ligand
A,1096,SER,0,ligand
A,1097,PHE,0,ligand
A,1098,LEU,0,ligand
A,1099,ASP,0,ligand
A,1100,ILE,0,ligand
A,1101,SER,0,ligand
A,1102,ARG,0,ligand
A,1103,PRO,0,ligand
A,1104,LYS,0,ligand
A,1105,MET,0,ligand
A,1106,GLN,0,ligand
A,1107,GLU,0,ligand
A,1108,VAL,0,ligand
A,1109,VAL,0,ligand
A,1110,ALA,0,ligand
A,1111,ASN,0,ligand
A,1112,LEU,0,ligand
A,1113,GLN,0,ligand
A,1114,TYR,0,ligand
A,1115,ASP,0,ligand
A,1116,ASP,0,ligand
A,1117,GLY,0,ligand
A,1118,SER,0,ligand
A,1119,GLY,0,ligand
A,1120,MET,0,ligand
A,1121,LYS,0,ligand
A,1122,ARG,0,ligand
A,1123,GLU,0,ligand
A,1124,ALA,0,ligand
A,1125,THR,0,ligand
A,1126,ALA,0,ligand
A,1127,ASP,0,ligand
A,1128,ASP,0,ligand
A,1129,LEU,0,ligand
A,1130,ILE,0,ligand
A,1131,LYS,0,ligand
A,1132,VAL,0,ligand
A,1133,VAL,0,ligand
A,1134,GLU,0,ligand
A,1135,GLU,0,ligand
A,1136,LEU,0,ligand
A,1137,THR,0,ligand
A,1138,ARG,0,ligand
A,1139,ILE,0,ligand
A,1140,HIS,0,ligand
